memory_method,mean_delta_vs_no_memory
hybrid,0.40926757630705835
retrieval,0.43798088293274245
sliding_window,0.45794889105359715
