memory_method,mean_delta_vs_no_memory
hybrid,-0.0553626457993921
retrieval,-0.08794053873145265
sliding_window,-0.01091960177479085
