memory_method,mean_delta_vs_no_memory
hybrid,0.3470919266819464
retrieval,0.29688274952241334
sliding_window,0.3470963436952539
