memory_method,mean_delta_vs_no_memory
hybrid,0.3375340313216051
retrieval,0.10954114990813346
sliding_window,-0.28654089888460776
