memory_method,probe_type,mean_cosine,mean_keyword_recall,mean_memory_score,mean_delta_vs_no_memory,count
sliding_window,explicit_probe,0.7695714012768707,0.9122807017543859,0.8266551214678768,0.018613325642389145,19
no_memory,explicit_probe,0.7011222912880936,0.9684210526315788,0.8080417958254876,0.0,19
retrieval,explicit_probe,0.725196179982863,0.8403508771929825,0.7712580588669107,-0.036783736958576944,19
hybrid,explicit_probe,0.6734585496351907,0.8157894736842105,0.7303909192547987,-0.07765087657068907,19
no_memory,implicit_probe,0.6987434203426043,0.9249999999999999,0.7892460522055625,0.0,12
hybrid,implicit_probe,0.6936193952957789,0.85,0.7561716371774674,-0.033074415028095265,12
sliding_window,implicit_probe,0.6646558716893196,0.875,0.7487935230135917,-0.04045252919197085,12
retrieval,implicit_probe,0.5946922972798347,0.7333333333333334,0.6501487117012342,-0.13909734050432843,12
