memory_method,probe_type,mean_cosine,mean_keyword_recall,mean_memory_score,mean_delta_vs_no_memory,count
hybrid,explicit_probe,0.7928535427167037,0.6281931464174455,0.7269893841970003,0.3953827066302323,214
sliding_window,explicit_probe,0.7893787147564308,0.6209501557632399,0.7220072911591545,0.3904006135923863,214
retrieval,explicit_probe,0.7985019665733676,0.6059968847352025,0.7214999338381015,0.3898932562713334,214
no_memory,explicit_probe,0.3433320015520902,0.31401869158878504,0.33160667756676815,0.0,214
sliding_window,implicit_probe,0.6216497964205894,0.711613475177305,0.6576352679232756,0.3037920737981215,188
hybrid,implicit_probe,0.6194781567505065,0.7023936170212767,0.6526443408588146,0.2988011467336605,188
retrieval,implicit_probe,0.5610860118523557,0.5526595744680851,0.5577154368986474,0.20387224277349333,188
no_memory,implicit_probe,0.3035093424544531,0.4293439716312057,0.35384319412515414,0.0,188
