memory_method,probe_type,mean_cosine,mean_keyword_recall,mean_memory_score,mean_delta_vs_no_memory,count
sliding_window,explicit_probe,0.9258177495002746,0.775,0.8654906497001649,0.5625879890322686,50
retrieval,explicit_probe,0.9282735407352447,0.76,0.8609641244411469,0.5580614637732506,50
hybrid,explicit_probe,0.8338858544826507,0.75,0.8003315126895905,0.4974288520216942,50
no_memory,explicit_probe,0.3448377677798271,0.24,0.3029026606678963,0.0,50
sliding_window,implicit_probe,0.8091456758975982,0.8533333333333334,0.8268207388718923,0.35330979307492577,50
hybrid,implicit_probe,0.7510287439823151,0.86,0.794617246389389,0.32110630059242257,50
retrieval,implicit_probe,0.7612409687042236,0.8366666666666667,0.7914112478892008,0.3179003020922343,50
no_memory,implicit_probe,0.5358515763282776,0.38,0.47351094579696656,0.0,50
