memory_method,probe_type,mean_cosine,mean_keyword_recall,mean_memory_score,mean_delta_vs_no_memory,count
hybrid,explicit_probe,0.8799811914563179,0.7791666666666667,0.8396553815404575,0.4195947321007649,40
retrieval,explicit_probe,0.6107292070053518,0.5416666666666667,0.5831041908698777,0.16304354143018523,40
no_memory,explicit_probe,0.4001010823994875,0.45,0.42006064943969246,0.0,40
sliding_window,explicit_probe,0.1969846351770684,0.14583333333333331,0.1765241144395744,-0.2435365350001181,40
hybrid,implicit_probe,0.5649037294089794,0.8833333333333334,0.6922755709787209,0.2554733305424452,40
retrieval,implicit_probe,0.43806833137059586,0.575,0.49284099882235755,0.05603875838608172,40
no_memory,implicit_probe,0.41411484517157077,0.4708333333333333,0.4368022404362758,0.0,40
sliding_window,implicit_probe,0.12320607388974167,0.08333333333333333,0.10725697766717834,-0.32954526276909746,40
